run_id,loop_type,c_mse,c_mae,T_PM_mse,T_PM_mae,d50_mse,d50_mae,d90_mse,d90_mae,d10_mse,d10_mae,T_TM_mse,T_TM_mae
1752708457,closed,6.514623734785662e-08,0.00021450104610117965,0.02294140212451146,0.11345136871852096,8.807307788251996e-13,7.39951727925761e-07,1.2500267860909912e-12,8.855057805385312e-07,6.309525862356762e-13,6.151004724305005e-07,0.03300243835896405,0.12083835614872543
1752708457,open,2.4129767765125956e-06,0.0011829094995277618,0.728236911169637,0.6542389845373977,8.445748121655746e-10,2.4015226803881915e-05,1.1538732747108562e-09,2.8898377440323177e-05,1.2262535842271037e-09,2.955712191106019e-05,0.7688576256235533,0.6731195783924947
